"shot_id","shot_made_flag"
1,0.462
8,0.508
17,0.956
20,0.66
33,0.572
34,0.53
35,0.45
36,0.634
37,0.814
38,0.422
45,0.512
50,0.32
55,0.304
60,0.264
66,0.514
67,0.452
71,0.392
80,0.458
85,0.43
86,0.346
95,0.552
104,0.352
113,0.48
123,0.204
126,0.57
133,0.732
141,0.44
144,0.578
150,0.148
152,0.3
153,0.178
156,0.32
159,0.968
165,0.972
172,0.466
182,0.864
192,0.35
193,0.952
196,0.464
202,0.27
210,0.24
211,0.668
228,1
257,0.31
260,0.44
264,0.268
267,0.458
279,0.752
282,0.472
293,0.522
299,0.444
300,0.38
301,0.242
317,0.366
327,0.282
328,0.436
335,0.728
346,0.552
348,0.4
365,0.398
390,0.12
391,0.38
392,0.526
397,0.416
418,0.412
428,0.242
434,0.23
439,0.63
440,0.176
456,0.47
459,0.192
472,0.338
480,0.184
491,0.348
497,0.594
509,0.376
511,0.456
523,0.146
533,0.64
544,0.44
546,0.334
555,0.716
558,0.316
560,0.322
573,0.208
591,0.308
596,0.472
597,0.278
601,0.336
605,0.476
617,0.546
628,0.396
634,0.474
646,0.62
649,0.444
651,0.474
654,1
656,0.164
657,0.596
669,0.252
670,0.986
693,0.696
694,0.708
699,0.316
711,0.35
718,0.504
722,0.2
723,0.268
725,0.738
734,0.22
735,0.972
737,0.402
746,0.296
747,0.296
766,0.236
767,0.414
771,0.288
773,0.418
774,0.642
783,0.518
784,0.512
789,0.392
792,0.346
804,0.576
809,0.308
812,0.474
813,0.548
817,0.584
820,0.332
825,0.446
826,0.474
829,0.478
855,0.304
859,0.336
862,0.574
870,0.144
876,0.61
880,0.326
886,0.996
889,0.36
891,0.688
897,0.954
902,0.16
903,0.706
908,0.248
909,0.656
920,0.312
922,0.478
924,0.428
932,0.362
934,0.418
937,0.554
941,0.344
943,0.272
950,0.62
952,0.422
954,0.948
963,0.57
975,0.48
979,0.362
981,0.488
983,0.074
985,0.736
989,0.786
995,0.57
998,0.426
1008,0.412
1019,0.788
1023,0.398
1026,0.308
1029,0.212
1034,0.434
1036,0.282
1038,0.386
1039,0.328
1051,0.498
1052,0.44
1066,0.328
1087,0.346
1092,0.338
1094,0.434
1098,0.438
1099,0.418
1102,0.274
1118,0.44
1131,0.484
1133,0.724
1135,1
1138,0.904
1139,0.988
1142,0.294
1151,0.414
1152,0.338
1155,0.37
1165,0.378
1167,0.984
1172,0.844
1174,0.612
1180,0.664
1200,0.384
1202,0.448
1227,0.49
1228,0.742
1229,0.3
1237,0.744
1241,0.636
1256,0.42
1279,0.334
1293,0.106
1295,0.458
1319,0.952
1320,0.36
1321,0.538
1322,0.336
1334,0.166
1351,0.48
1373,0.772
1375,0.436
1380,0.794
1382,0.61
1385,0.468
1399,0.398
1403,0.906
1428,0.416
1434,0.416
1444,1
1448,0.308
1466,0.3
1476,0.384
1478,0.36
1485,0.522
1491,0.06
1494,0.292
1500,0.374
1501,0.454
1503,0.6
1519,0.456
1524,0.474
1529,0.312
1533,0.33
1538,1
1539,0.52
1546,0.68
1555,0.442
1559,0.8
1563,0.4
1565,0.898
1574,0.246
1591,0.358
1594,0.368
1605,0.462
1611,0.496
1614,0.502
1620,0.5
1626,0.694
1630,0.456
1632,0.436
1634,0.432
1643,0.266
1651,0.47
1655,0.382
1658,0.576
1659,0.594
1665,0.29
1675,0.414
1680,1
1690,0.262
1696,0.594
1714,0.126
1721,0.274
1726,0.512
1728,0.284
1734,0.416
1735,0.444
1740,0.566
1744,0.346
1747,0.374
1752,0.514
1763,0.35
1765,0.508
1769,0.318
1785,0.44
1787,0.534
1788,0.668
1793,0.582
1800,0.372
1825,0.142
1826,0.762
1834,0.33
1843,0.308
1844,0.294
1848,0.368
1849,0.396
1860,0.414
1863,0.754
1875,0.43
1883,0.42
1890,0.374
1892,0.5
1893,0.36
1897,0.602
1905,0.466
1908,0.19
1931,0.4
1940,0.974
1943,0.43
1947,0.26
1965,0.184
1967,0.368
1968,0.346
1972,0.644
1982,0.416
1985,0.562
2005,0.402
2010,0.484
2021,0.4
2024,0.25
2036,0.342
2043,0.472
2047,0.28
2049,0.538
2055,0.404
2065,0.714
2066,0.276
2070,0.498
2077,0.664
2085,0.334
2095,0.43
2097,0.426
2108,0.674
2112,0.636
2113,0.43
2122,0.164
2139,0.394
2144,0.366
2146,0.51
2148,0.162
2149,0.852
2157,0.24
2159,0.184
2168,0.532
2176,0.892
2178,0.546
2181,0.328
2187,0.614
2188,0.392
2190,0.494
2194,0.74
2197,0.54
2214,0.538
2217,0.128
2222,0.428
2223,0.382
2226,0.396
2230,0.314
2240,0.484
2247,0.59
2250,0.752
2259,0.378
2262,0.38
2266,0.346
2305,0.25
2310,0.304
2313,0.744
2319,0.526
2320,0.73
2345,0.676
2350,0.706
2356,0.434
2360,0.52
2370,0.262
2386,0.52
2398,0.274
2414,0.502
2435,0.524
2439,0.278
2446,0.786
2458,0.394
2465,0.23
2466,0.516
2470,0.336
2495,0.696
2501,0.366
2507,0.478
2533,0.14
2537,0.546
2538,0.348
2541,0.368
2542,0.89
2544,0.732
2554,0.318
2555,0.346
2565,0.548
2575,0.614
2586,0.676
2588,0.42
2594,0.95
2617,0.482
2618,0.32
2623,0.74
2631,0.578
2640,0.15
2642,0.44
2647,0.422
2663,0.374
2664,0.288
2676,0.39
2680,0.85
2681,0.434
2691,0.326
2693,0.4
2695,0.69
2704,0.322
2708,0.176
2709,0.992
2717,0.568
2722,0.484
2728,0.5
2732,0.322
2743,0.764
2752,0.696
2757,0.834
2761,0.224
2769,0.344
2771,0.592
2774,0.486
2776,0.506
2781,0.482
2793,0.304
2799,0.208
2803,0.502
2811,0.698
2818,0.328
2824,0.672
2828,0.206
2829,0.392
2830,0.28
2842,0.58
2847,0.77
2848,0.564
2868,0.262
2870,0.304
2885,0.3
2886,0.438
2889,0.234
2903,0.424
2904,0.326
2918,0.256
2919,0.572
2922,0.32
2923,0.478
2931,0.372
2945,0.322
2955,0.298
2957,0.442
2960,0.43
2963,0.43
2966,0.996
2972,0.274
2974,0.43
2982,0.292
2984,0.274
3016,0.772
3021,0.2
3023,0.976
3025,0.552
3029,0.528
3034,0.424
3038,0.502
3040,0.646
3051,0.648
3062,0.27
3069,0.438
3071,0.34
3076,0.904
3079,0.388
3081,0.356
3082,0.29
3084,0.36
3098,0.138
3104,0.41
3105,0.458
3114,0.572
3118,0.398
3122,0.444
3132,0.302
3138,0.372
3141,0.824
3156,0.672
3162,0.842
3167,0.708
3170,0.514
3171,0.132
3172,0.724
3176,0.964
3180,0.438
3189,0.328
3198,0.302
3206,0.546
3215,0.528
3222,0.584
3228,0.288
3229,0.474
3232,0.404
3233,0.294
3238,0.522
3256,0.574
3264,0.278
3273,0.338
3275,0.496
3285,0.42
3289,0.406
3294,0.386
3306,0.436
3311,0.422
3318,0.324
3322,0.246
3324,0.56
3334,0.568
3341,0.516
3345,0.36
3346,0.786
3352,0.414
3368,0.3
3371,0.042
3372,0.474
3375,0.642
3384,0.402
3387,0.718
3393,0.472
3406,0.402
3411,0.344
3412,0.57
3414,0.506
3417,0.472
3420,0.892
3423,0.866
3436,0.528
3438,0.912
3442,0.244
3443,0.562
3451,0.284
3461,0.47
3489,0.354
3491,0.488
3510,0.52
3515,0.454
3527,0.454
3530,0.43
3540,0.488
3582,0.122
3604,0.472
3605,0.492
3609,0.708
3624,0.126
3628,0.802
3630,0.484
3641,0.202
3642,0.598
3648,0.266
3650,1
3652,0.97
3660,0.3
3664,0.614
3670,0.332
3672,0.266
3680,0.306
3682,1
3685,0.616
3686,0.486
3689,0.64
3705,0.446
3712,0.34
3713,0.336
3719,0.428
3721,0.252
3723,0.354
3724,0.258
3727,0.486
3733,0.202
3734,0.448
3742,0.696
3770,0.232
3777,0.3
3778,0.332
3780,0.558
3783,0.468
3784,0.44
3788,0.496
3790,0.59
3794,0.232
3795,0.602
3796,0.39
3801,0.366
3806,0.454
3813,0.788
3814,0.418
3818,0.35
3824,0.38
3836,0.606
3853,0.568
3855,0.382
3858,0.304
3861,0.322
3866,0.51
3870,0.438
3874,0.938
3876,0.292
3878,0.33
3890,0.226
3900,0.962
3904,0.346
3906,0.382
3907,0.506
3908,0.468
3912,0.432
3918,0.928
3923,0.972
3924,0.632
3925,0.984
3927,0.474
3955,0.964
3964,0.442
3969,0.872
3974,0.878
3976,0.57
3984,0.286
3991,0.294
3993,0.996
4009,0.516
4011,0.586
4020,0.566
4033,0.36
4041,0.352
4045,0.996
4052,0.808
4055,0.258
4056,0.208
4057,0.348
4067,0.994
4069,0.544
4077,0.548
4094,0.358
4095,0.446
4100,0.518
4119,0.64
4130,0.46
4131,0.276
4132,0.42
4134,0.522
4137,0.944
4138,0.414
4143,0.458
4145,0.478
4148,0.668
4163,0.094
4166,0.508
4169,0.622
4170,0.574
4174,0.462
4180,0.334
4199,0.67
4201,0.382
4203,0.178
4210,0.022
4211,0.49
4213,0.96
4225,0.29
4235,0.464
4242,0.474
4245,0.364
4250,0.506
4252,0.33
4254,0.448
4263,0.824
4264,0.418
4268,0.216
4270,0.418
4282,0.784
4283,0.39
4291,0.54
4304,0.46
4306,0.54
4309,0.278
4310,0.396
4313,0.53
4314,0.366
4315,0.362
4321,0.65
4324,0.158
4325,0.28
4328,0.35
4329,0.138
4332,0.312
4337,0.372
4342,0.53
4344,0.372
4352,0.62
4355,0.346
4366,0.528
4371,0.782
4372,0.74
4376,0.454
4384,0.494
4387,0.342
4389,0.548
4390,0.416
4406,0.44
4407,0.772
4409,0.984
4410,0.65
4424,0.53
4434,0.36
4452,0.564
4460,0.252
4470,0.612
4480,0.458
4496,0.522
4503,0.388
4512,0.454
4518,0.538
4519,0.45
4522,0.576
4525,0.538
4537,0.244
4546,0.372
4547,1
4553,0.644
4556,0.492
4558,0.374
4563,0.112
4568,0.446
4574,0.65
4578,0.546
4587,0.464
4592,0.476
4610,0.358
4615,0.402
4619,0.328
4620,0.258
4625,0.486
4635,0.844
4636,0.386
4641,0.444
4650,0.394
4653,0.53
4665,0.516
4668,0.998
4669,0.458
4670,0.33
4674,0.32
4675,0.712
4676,0.388
4679,0.44
4680,0.992
4686,0.524
4699,0.694
4713,0.982
4718,0.664
4721,0.55
4722,0.256
4724,0.118
4730,0.984
4731,0.334
4735,0.362
4743,0.118
4745,0.292
4746,0.324
4747,0.598
4748,0.46
4769,0.418
4771,0.514
4774,0.722
4784,0.342
4797,0.652
4801,0.454
4804,0.166
4820,0.366
4833,0.366
4834,0.488
4851,0.242
4859,0.284
4860,0.976
4863,0.336
4873,0.538
4881,0.452
4892,0.346
4908,0.376
4911,0.438
4915,0.29
4922,0.536
4929,0.79
4936,0.234
4939,0.686
4951,0.172
4956,0.232
4961,0.228
4964,0.352
4981,0.34
4991,0.958
4992,0.3
4997,0.754
5004,0.558
5010,0.51
5012,0.162
5015,0.06
5020,0.406
5030,0.36
5051,0.758
5052,0.62
5057,0.492
5058,0.698
5060,0.35
5061,0.472
5064,0.47
5078,0.524
5080,0.524
5088,0.558
5089,0.574
5090,0.4
5103,0.96
5108,0.508
5114,0.344
5115,0.204
5124,0.738
5137,0.914
5139,0.41
5144,0.336
5149,0.752
5157,0.602
5163,0.316
5174,0.41
5176,0.95
5179,0.366
5186,0.734
5203,0.442
5204,0.632
5206,0.536
5207,0.38
5220,0.396
5221,0.654
5224,0.536
5227,0.55
5229,0.278
5232,0.942
5240,0.732
5242,0.312
5243,0.352
5245,0.506
5248,0.93
5249,0.538
5254,0.292
5269,0.422
5272,0.478
5276,0.13
5286,0.594
5290,0.522
5308,0.436
5316,0.226
5318,0.724
5319,0.346
5320,0.478
5322,0.308
5324,0.42
5331,0.484
5336,0.884
5344,0.172
5354,0.314
5356,0.008
5358,0.358
5361,0.342
5365,0.924
5370,0.608
5376,0.162
5383,0.372
5384,0.248
5385,0.404
5393,0.708
5397,0.41
5398,0.372
5402,0.592
5407,0.642
5409,0.46
5425,0.748
5428,0.148
5430,0.588
5442,0.552
5447,0.728
5470,0.65
5485,0.256
5493,0.606
5502,0.448
5504,0.502
5517,0.47
5522,0.372
5527,0.794
5528,0.448
5536,0.464
5545,0.508
5576,0.284
5577,0.572
5592,0.348
5594,0.296
5595,0.242
5596,0.428
5599,0.55
5606,0.852
5617,0.274
5625,0.42
5626,0.404
5627,0.464
5642,0.578
5659,0.98
5664,0.816
5666,0.364
5671,0.668
5674,0.516
5677,0.352
5681,0.278
5683,0.006
5700,0.82
5713,0.526
5715,0.828
5718,0.358
5726,0.538
5738,0.376
5741,0.252
5743,0.406
5753,0.868
5761,0.436
5789,0.378
5797,0.358
5803,0.354
5810,0.732
5813,0.666
5817,0.356
5818,0.422
5822,0.558
5829,0.366
5846,0.482
5847,0.174
5854,0.478
5858,0.356
5863,0.338
5869,0.236
5870,0.566
5876,0.342
5881,0.248
5901,0.29
5922,0.19
5928,0.56
5933,0.408
5934,0.264
5946,0.466
5951,0.38
5955,0.394
5956,0.98
5965,0.376
5972,0.636
5981,0.45
5997,0.48
6005,0.38
6009,0.354
6010,0.526
6015,0.156
6039,0.402
6047,0.87
6051,0
6056,0.456
6061,0.486
6064,0.396
6065,0.626
6070,0.518
6085,0.342
6086,0.436
6091,0.708
6097,0.196
6099,0.614
6104,0.112
6108,0.8
6109,0.986
6124,0.56
6142,0.554
6144,0.244
6150,0.126
6154,0.626
6155,0.64
6156,0.928
6158,0.532
6159,0.998
6169,0.482
6170,0
6179,0.308
6184,0.726
6186,0.968
6204,0.184
6230,0.19
6231,0.246
6232,0.806
6235,0.3
6237,0.548
6239,0.528
6263,0.804
6265,0.116
6270,0.348
6271,0.386
6278,0.442
6279,0.454
6288,0.392
6294,0.532
6295,0.31
6302,0.37
6306,0.524
6322,0.936
6324,0.556
6327,0.348
6331,0.972
6334,0.52
6338,0.528
6339,0.37
6362,0.308
6372,0.292
6375,0.622
6393,0.522
6394,0.824
6405,0.98
6406,0.418
6416,0.556
6421,0.614
6422,0.272
6440,1
6457,0.51
6460,0.166
6463,0.646
6474,0.656
6476,0.482
6477,0.368
6482,0.63
6488,0.448
6489,0.462
6494,0.31
6499,0.246
6507,0.204
6524,0.36
6527,0.352
6531,0.376
6536,0.724
6538,0.114
6542,0.404
6565,0.272
6584,0.41
6588,0.61
6597,0.332
6603,0.448
6609,0.476
6613,0.53
6622,0.476
6630,0.34
6637,0.312
6639,0.34
6640,0.23
6646,0.208
6647,0.374
6648,0.95
6669,0.458
6680,0.24
6681,0.2
6684,0.08
6693,0.314
6694,0.46
6704,0.38
6706,0.354
6710,0.462
6713,0.538
6718,0.388
6732,0.348
6737,0.558
6739,0.192
6742,0.444
6746,0.346
6753,0.47
6771,0.444
6784,0.344
6790,0.966
6795,0.876
6807,0.192
6808,0.286
6818,0.626
6823,0.38
6830,0.566
6831,0.15
6832,0.276
6836,0.458
6846,0.414
6850,0.506
6854,0.484
6868,0.89
6876,0.44
6877,0.61
6881,0.072
6882,0.236
6884,0.552
6886,0.494
6901,0.466
6910,0.404
6913,0.262
6914,0.634
6918,0.574
6930,0.454
6941,0.472
6944,0.412
6945,0.6
6947,0.23
6949,0.514
6952,0.416
6963,0.218
6964,0.328
6972,0.424
6979,0.586
6981,0.37
6988,0.934
6990,0.52
6998,0.428
7004,0.402
7016,0.66
7027,0.25
7042,0.452
7056,0.51
7061,0.66
7069,0.262
7071,0.568
7088,0.634
7099,0.266
7108,0.252
7121,0.196
7125,0.804
7136,0.274
7149,0.154
7150,0.436
7151,0.196
7167,0.422
7177,0.876
7178,0.13
7183,0.404
7186,0.436
7190,0.378
7201,0.528
7202,0.472
7207,0.526
7213,0.384
7224,0.614
7225,0.45
7233,0.426
7239,0.514
7246,0.344
7248,0.352
7261,0.852
7264,0.294
7266,0.2
7274,0.304
7279,0.406
7293,0.362
7315,0.28
7322,0.336
7326,0.73
7341,0.392
7363,0.76
7365,0.448
7371,0.49
7377,0.508
7393,0.864
7405,0.59
7410,0.322
7434,0.472
7438,0.488
7447,0.4
7450,0.422
7452,0.224
7453,0.214
7455,0.232
7456,0.468
7457,0.498
7466,0.776
7470,0.306
7474,0.468
7487,0.354
7488,0.414
7492,0.348
7496,0.254
7501,0.388
7505,0.512
7512,0.428
7526,0.296
7536,0.668
7538,0.514
7539,0.322
7544,0.428
7554,0.334
7564,0.288
7566,0.432
7580,0.52
7581,0.444
7584,0.268
7587,0.178
7589,0.282
7590,0.616
7594,0.252
7597,0.522
7602,0.972
7603,0.612
7605,0.382
7609,0.466
7613,0.32
7619,0.466
7625,0.174
7626,0.85
7636,0.984
7639,0.206
7641,0.376
7643,0.998
7644,0.494
7657,0.274
7661,0.562
7666,0.342
7673,0.488
7683,0.156
7685,0.646
7699,0.574
7704,0.648
7705,0.42
7708,0.618
7728,0.508
7733,0.276
7741,0.512
7743,0.414
7745,0.366
7754,0.57
7756,0.388
7757,0.68
7770,0.506
7773,0.918
7774,0.258
7776,0.256
7777,0.268
7778,0.432
7781,0.674
7784,0.326
7789,0.566
7794,0.28
7799,0.306
7801,0.536
7818,0.418
7823,0.53
7828,0.274
7832,0.456
7839,0.366
7851,0.39
7856,0.232
7868,0.382
7869,0.36
7872,0.176
7874,0.35
7878,0.22
7888,0.584
7913,0.264
7923,0.47
7925,0.19
7926,0.444
7938,0.418
7942,0.836
7945,0.428
7954,0.208
7963,0.39
7969,0.308
7970,0.796
7977,0.468
7981,0.466
7990,0.448
8020,0.336
8023,0.492
8025,0.4
8034,0.802
8039,0.428
8046,0.594
8051,0.438
8055,0.154
8060,0.528
8063,0.372
8073,0.994
8074,0.52
8076,0.394
8080,0.414
8088,0.204
8102,0.296
8103,0.856
8104,0.696
8105,0.26
8109,0.312
8115,0.376
8121,0.408
8126,0.178
8135,0.818
8153,0.5
8156,0.318
8160,0.386
8161,0.504
8162,0.56
8171,0.504
8181,0.422
8183,0.514
8185,0.296
8191,0.792
8203,0.116
8204,0.788
8207,0.598
8208,0.344
8209,0.596
8210,0.53
8225,0.382
8226,0.258
8231,0.268
8233,0.206
8244,0.604
8250,0.096
8261,0.754
8265,0.24
8278,0.436
8279,0.474
8280,0.328
8296,0.794
8299,0.412
8300,0.554
8301,0.27
8305,0.534
8327,0.32
8334,0.416
8349,0.102
8355,0.22
8361,0.58
8362,0.24
8364,0.206
8365,0.618
8375,0.33
8378,0.478
8380,0.408
8381,0.432
8387,0.418
8399,0.658
8402,0.918
8409,0.414
8433,0.91
8436,0.38
8442,0.254
8448,0.388
8464,0.594
8469,0.286
8474,0.38
8478,0.39
8482,0.432
8490,0.234
8510,0.658
8511,0.22
8527,0.408
8532,0.262
8533,0.318
8538,0.286
8541,0.376
8545,0.358
8553,0.398
8554,0.512
8555,0.486
8569,0.454
8586,0.474
8593,0.548
8600,0.888
8606,0.664
8607,0.226
8611,0.382
8613,0.266
8618,0.864
8630,0.25
8637,0.472
8650,0.33
8652,0.136
8661,0.636
8669,0.404
8673,0.48
8674,0.534
8678,0.242
8682,0.176
8688,0.3
8689,0.442
8695,0.428
8698,0.214
8703,0.478
8709,0.326
8716,0.252
8723,0.38
8737,0.172
8753,0.266
8773,0.542
8774,0.584
8778,0.714
8786,0.556
8794,0.548
8795,0.68
8800,0.574
8804,0.458
8808,0.59
8809,0.656
8817,0.524
8818,0.41
8825,0.258
8830,0.436
8833,0.44
8834,0.246
8836,0.478
8837,0.5
8844,0.16
8851,0.182
8861,0.552
8864,0.35
8865,0.542
8869,0.226
8873,0.18
8880,0.43
8884,0.436
8888,0.308
8889,0.466
8891,0.882
8893,0.344
8897,0.352
8905,0.406
8910,0.422
8918,0.286
8939,0.552
8940,0.406
8941,0.306
8944,0.266
8949,0.538
8950,0.336
8958,0.402
8967,0.264
8975,0.19
8979,0.31
8980,0.292
8991,0.308
8995,0.21
8996,0.384
8998,0.956
9000,0.618
9001,0.522
9002,0.588
9024,0.55
9026,0.384
9027,0.484
9034,0.548
9038,0.252
9050,0.236
9052,0.672
9054,0.484
9078,0.762
9097,0.672
9109,0.15
9112,0.73
9115,0.538
9125,0.426
9132,0.46
9136,0.402
9139,0.428
9140,0.408
9142,0.346
9143,0.394
9147,0.326
9159,0.356
9165,0.478
9172,0.478
9177,0.214
9179,0.18
9185,0.338
9196,0.996
9201,0.406
9209,0.428
9210,0.544
9212,0.264
9214,0.456
9240,0.988
9241,0.556
9244,0.462
9249,0.206
9250,0.33
9255,0.43
9258,0.25
9263,0.444
9266,0.23
9269,0.164
9272,0.422
9276,0.432
9290,0.47
9299,0.284
9303,0.336
9310,0.238
9311,0.354
9314,0.382
9315,0.412
9325,0.282
9328,0.222
9329,0.642
9332,0.99
9337,0.558
9353,0.436
9355,0.284
9356,0.132
9362,0.39
9364,0.826
9366,0.826
9387,0.996
9388,0.934
9396,0.522
9400,0.362
9406,0.47
9411,0.47
9416,0.242
9417,0.894
9423,0.314
9425,0.262
9426,0.578
9427,0.338
9429,0.19
9430,0.432
9434,0.366
9442,0.482
9458,0.436
9476,0.36
9481,0.316
9483,0.602
9484,0.518
9487,0.688
9488,0.468
9490,0.418
9502,0.94
9505,0.116
9509,0.53
9515,0.524
9516,0.514
9532,0.39
9539,0.44
9542,0.686
9549,0.362
9550,0.284
9553,0.598
9554,0.442
9561,0.61
9566,0.238
9571,0.41
9577,0.516
9584,0.402
9592,0.462
9596,0.298
9602,0.314
9603,0.17
9604,0.792
9608,0.71
9609,0.45
9613,0.498
9623,0.642
9630,0.932
9633,0.572
9648,0.266
9665,0.344
9668,0.208
9678,0.438
9679,0.416
9693,0.54
9718,0.626
9720,0.678
9744,0.45
9745,0.344
9746,0.866
9753,0.232
9758,0.48
9759,0.43
9763,0.326
9766,0.464
9767,0.324
9777,0.222
9781,0.36
9789,0.144
9790,0.628
9799,0.418
9802,0.454
9805,0.716
9807,0.212
9812,0.418
9818,0.444
9820,0.296
9822,0.57
9824,0.282
9834,0.564
9836,0.41
9847,0.26
9864,0.964
9869,0.262
9875,0.526
9880,0.292
9889,0.852
9894,0.482
9909,0.918
9915,0.422
9919,0.386
9920,0.502
9940,0.374
9946,0.47
9958,0.496
9959,0.21
9973,0.732
9976,0.318
9978,0.508
9982,0.272
9987,0.148
9988,0.412
9992,0.324
10000,0.002
10002,0.278
10005,0.368
10008,0.344
10009,0.5
10011,0.24
10021,0.424
10022,0.728
10053,0.51
10074,0.38
10076,0.486
10090,0.632
10092,0.324
10099,0.55
10102,0.438
10103,0.278
10106,0.582
10108,0.908
10113,0.83
10119,0.112
10122,0.466
10125,0.47
10140,0.438
10155,0.248
10159,0.358
10164,0.678
10175,0.48
10176,0.494
10178,0.502
10186,0.316
10200,0.288
10204,0.4
10206,0.392
10211,0.376
10212,0.25
10217,0.542
10220,0.692
10230,0.698
10234,0.622
10235,0.614
10239,0.28
10240,0.518
10242,0.326
10245,0.308
10246,0.698
10247,0.42
10250,0.436
10254,0.84
10257,0.394
10260,0.268
10261,0.438
10265,0.34
10273,0.414
10274,0.352
10277,0.386
10289,0.992
10290,0.228
10298,0.51
10301,0.36
10304,0.476
10305,0.58
10313,0.282
10320,0.196
10323,0.446
10328,0.672
10332,0.992
10336,0.588
10343,0.338
10348,0.696
10350,0.524
10351,0.464
10354,0.44
10372,0.376
10373,0.468
10380,0.398
10383,0.312
10396,0.81
10397,0.768
10399,0.732
10400,0.668
10401,0.38
10402,0.51
10403,0.7
10410,0.754
10412,0.398
10415,0.386
10424,0.138
10428,0.29
10432,0.476
10462,0.894
10477,0.192
10482,0.314
10484,0.428
10493,0.402
10495,0.608
10497,0.308
10516,0.606
10521,0.118
10522,0.548
10523,0.428
10528,0.302
10530,0.528
10532,0.408
10533,0.284
10543,0.984
10547,0.272
10552,0.428
10558,0.166
10571,0.36
10572,0.402
10574,0.338
10583,0.56
10600,0.604
10607,0.63
10608,0.348
10614,0.228
10630,0.224
10634,0.548
10635,0.342
10641,0.412
10643,0.526
10644,0.54
10648,0.522
10669,0.366
10675,0.5
10686,0.444
10704,0.198
10707,0.32
10722,0.342
10736,0.588
10764,0.538
10767,0.636
10776,0.448
10779,0.492
10781,0.328
10792,0.296
10797,0.27
10798,0.36
10801,0.414
10802,0.398
10805,0.416
10808,0.43
10810,0.936
10816,0.29
10817,0.362
10829,0.664
10843,0.478
10858,0.368
10866,0.248
10876,0.348
10887,0.158
10891,0.428
10896,0.288
10900,0.338
10905,0.462
10907,0.542
10917,0.192
10936,0.904
10947,0.154
10948,0.326
10951,0.284
10955,0.248
10969,0.572
10984,0.536
10987,0.162
10990,0.216
10992,0.722
10996,0.26
10997,0.36
10999,0.34
11000,0.388
11001,0.32
11010,0.502
11016,0.928
11018,0.49
11034,0.986
11039,0.446
11041,0.332
11047,0.488
11053,0.558
11055,0.388
11056,0.424
11065,0.26
11068,0.504
11070,0.43
11071,0.358
11072,0.676
11079,0.634
11091,0.646
11094,0.322
11112,0.902
11113,0.908
11128,0.178
11153,0.4
11154,0.026
11163,0.356
11179,0.404
11181,0.5
11206,0.338
11216,0.33
11221,0.342
11223,0.35
11228,0.416
11235,0.394
11237,0.266
11244,0.28
11256,0.644
11267,0.458
11272,0.276
11281,0.466
11285,0.468
11288,0.724
11291,0.46
11293,0.396
11297,0.362
11298,0.372
11299,0.368
11301,0.244
11309,0.456
11331,0.39
11332,0.57
11337,0.39
11343,0.984
11347,0.3
11348,0.514
11355,0.984
11368,0.2
11369,0.168
11371,0.69
11378,0.33
11384,0.576
11387,0.654
11393,0.12
11399,0.684
11412,0.496
11431,0.362
11432,0.186
11444,0.988
11450,0.986
11451,0.608
11476,0.288
11488,0.316
11495,0.58
11505,0.512
11508,0.942
11518,0.822
11522,0.316
11524,0.488
11533,0.436
11549,0.474
11551,0.962
11560,0.402
11563,0.666
11565,0.314
11567,0.396
11569,0.226
11598,0.41
11604,0.288
11611,0.508
11617,0.916
11626,0.48
11642,0.254
11643,0.21
11648,0.258
11651,0.388
11663,0.298
11666,0.35
11685,0.528
11686,0.33
11698,0.328
11708,0.628
11711,0.184
11718,0.458
11742,0.456
11761,0.454
11767,0.438
11768,0.372
11775,0.444
11779,0.328
11786,1
11790,0.906
11791,0.234
11796,0.002
11806,0.342
11810,0.436
11811,0.42
11814,1
11816,0.43
11820,0.58
11822,0.566
11829,0.75
11832,0.46
11834,0.59
11836,0.542
11837,0.516
11844,0.892
11847,0.394
11864,0.842
11865,0.412
11872,0.406
11873,0.332
11886,0.536
11894,0.206
11905,0.302
11906,0.23
11907,0.27
11912,0.24
11914,0.346
11918,0.442
11924,0.508
11929,0.908
11930,0.504
11936,0.338
11937,0.246
11954,0.542
11957,0.258
11964,0.202
11968,0.138
11972,0.792
11976,0.362
11979,0.388
11981,0.514
11983,0.444
11989,0.26
11991,0.178
11998,0.406
12003,0.484
12007,0.486
12011,0.408
12014,0.396
12024,0.154
12033,0.416
12034,0.288
12041,0.488
12046,0.76
12056,0.392
12064,0.274
12069,0.378
12070,0.358
12071,0.352
12072,0.474
12078,0.484
12091,0.622
12092,0.928
12094,0.364
12098,0.358
12103,0.42
12115,0.138
12118,0.728
12122,0.396
12125,0.866
12133,0.434
12137,0.324
12141,0.554
12143,0.46
12144,0.62
12154,0.398
12163,0.28
12170,0.332
12193,0.282
12196,0.232
12206,0.438
12209,0.438
12214,0.492
12228,0.524
12233,0.236
12238,0.338
12242,0.428
12245,0.36
12247,0.698
12251,0.348
12287,0.672
12292,0.64
12304,0.514
12317,0.722
12320,0.604
12323,0.322
12328,0.394
12333,0.636
12334,0.468
12335,0.338
12352,0.56
12358,0.224
12364,0.37
12376,0.218
12396,0.626
12402,0.94
12406,0.486
12408,0.158
12410,1
12413,0.704
12417,0.454
12424,0.334
12425,0.214
12426,0.334
12430,0.4
12432,0.612
12433,0.14
12451,0.21
12457,0.314
12465,0.706
12468,0.158
12474,0.586
12475,0.584
12486,0.892
12487,0.218
12514,0.374
12524,1
12526,0.408
12530,0.248
12532,0.288
12593,0.344
12599,0.5
12600,0.586
12603,0.274
12624,0.978
12630,0.284
12638,0.68
12641,0.942
12643,0.652
12656,0.47
12666,0.652
12673,0.63
12675,0.492
12678,0.444
12692,0
12693,0.994
12707,0.58
12711,0.75
12716,0.384
12717,0.728
12723,0.746
12738,0.312
12742,0.39
12746,0.494
12753,0.92
12758,0.21
12760,0.286
12763,0.404
12764,0.434
12768,0.532
12776,0.154
12777,0.478
12783,1
12804,0.308
12824,0.294
12839,0.26
12847,0.552
12850,0.974
12867,0.796
12883,0.358
12887,0.254
12890,0.104
12903,0.252
12906,0.194
12907,0.33
12909,0.448
12912,0.372
12915,0.388
12930,0.736
12931,0.346
12934,0.458
12951,0.482
12955,0.604
12973,0.46
12988,0.312
12999,0.246
13015,0.43
13026,0.622
13036,0.416
13039,0.408
13040,0.268
13041,0.472
13043,0.998
13057,0.78
13064,0.468
13068,0.628
13069,0.518
13073,0.634
13079,0.968
13086,0.182
13089,0.292
13093,0.576
13097,0.358
13098,0.438
13105,0.216
13107,0.578
13108,0.698
13110,0.298
13112,0.272
13114,0.388
13118,0.516
13127,0.38
13129,0.34
13142,0.992
13146,0.696
13149,0.456
13157,0.318
13158,0.322
13159,0.578
13161,0.386
13162,0.34
13166,0.334
13168,0.35
13170,1
13186,0.306
13191,0.408
13203,0.45
13209,0.4
13212,0.63
13213,0.498
13222,0.502
13229,0.574
13234,0.472
13257,0.53
13258,0.428
13268,0.426
13270,0.418
13291,0.288
13292,0.72
13299,0.58
13307,0.936
13309,0.256
13311,0.442
13312,0.558
13322,0.348
13324,0.952
13330,0.512
13338,0.342
13344,0.55
13348,0.42
13355,0.404
13365,0.994
13368,0.326
13370,0.38
13372,0.684
13377,0.594
13385,0.132
13389,0.366
13393,0.834
13395,0.55
13404,0.548
13411,0.558
13416,0.408
13434,0.468
13435,0.298
13445,0.24
13446,0.196
13451,0.768
13462,0.296
13464,0.464
13466,0.316
13471,0.338
13472,0.564
13477,0.34
13481,0.39
13484,0.734
13490,0.384
13492,0.42
13500,0.53
13508,0.45
13516,0.67
13525,0.438
13526,0.812
13530,0.666
13532,0.528
13538,0.222
13546,0.52
13548,0.852
13550,0.674
13551,0.456
13564,0.646
13566,0.772
13570,0.406
13580,0.682
13585,0.544
13588,0.172
13592,0.672
13594,0.268
13609,0.512
13610,0.75
13613,0.402
13625,0.558
13626,0.726
13639,0.758
13645,1
13647,0.688
13648,0.312
13652,0.442
13654,0.282
13664,0.538
13673,0.412
13684,0.426
13690,0.272
13693,0.268
13696,0.322
13700,0.818
13701,0.302
13707,0.592
13713,0.268
13714,0.362
13716,0.362
13720,0.402
13727,0.296
13733,0.176
13738,0.3
13757,0.452
13759,0.37
13761,0.9
13767,0.372
13782,0.36
13786,0.318
13787,0.514
13792,0.368
13795,0.378
13798,0.234
13807,0.128
13809,0.552
13811,0.116
13815,0.388
13817,0.292
13818,0.3
13822,0.508
13824,0.4
13829,0.746
13832,0.972
13840,0.54
13841,0.774
13868,0.47
13871,0.992
13880,0.478
13888,0.422
13890,0.754
13891,0.384
13895,0.358
13907,0.412
13910,0.47
13912,0.26
13913,0.394
13923,0.478
13929,0.32
13936,0.524
13946,0.188
13950,0.562
13951,0.248
13954,0.566
13958,0.308
13969,0.374
13980,0.22
13981,0.658
13986,0.412
13987,0.318
13989,0.414
13992,0.538
13994,0.706
14001,0.558
14002,0.33
14004,0.206
14006,0.53
14012,0.508
14021,0.396
14024,0.432
14045,0.588
14047,0.79
14057,0.458
14059,0.198
14060,0.352
14068,0.276
14070,0.348
14074,0.32
14076,0.486
14089,0.416
14115,0.482
14116,0.442
14128,0.348
14131,0.304
14134,0.968
14137,0.614
14138,0.284
14139,0.954
14152,0.444
14153,0.942
14155,0.234
14156,0.81
14164,0.306
14165,0.714
14171,0.288
14174,0.412
14181,0.808
14186,0.962
14192,0.288
14201,0.368
14210,0.112
14214,0.328
14231,0.47
14236,0.646
14241,0.226
14245,0.268
14249,0.37
14251,0.46
14262,0.484
14265,0.248
14267,0.348
14270,1
14276,0.486
14279,0.112
14281,0.406
14289,0.318
14290,0.376
14293,0.484
14295,0.41
14297,0.39
14298,0.638
14310,0.17
14312,0.886
14315,0.336
14318,0.408
14319,0.518
14325,0.6
14331,0.316
14334,0.206
14341,0.39
14343,0.976
14344,0.34
14346,0.654
14347,0.552
14349,0.592
14352,0.264
14358,0.356
14361,0.426
14363,0.178
14374,0.672
14376,0.868
14381,0.39
14398,0.476
14410,0.442
14412,0.984
14415,0.33
14423,0.434
14425,0.244
14436,0.602
14444,0.362
14455,0.274
14465,0.548
14469,0.876
14471,0.676
14475,0.572
14479,0.484
14480,0.396
14488,0.354
14491,0.654
14501,0.466
14520,0.27
14522,0.812
14523,0.454
14537,0.482
14538,0.278
14550,0.392
14561,0.24
14575,0.784
14586,0.638
14592,0.616
14601,0.452
14602,0.758
14604,0.664
14606,0.222
14627,0.518
14641,0.544
14652,0.28
14662,0.538
14665,0.34
14673,0.378
14675,0.104
14679,0.8
14683,0.412
14686,0.568
14705,0.428
14708,0.316
14709,0.412
14710,0.226
14715,0.276
14717,0.54
14723,0.662
14725,0.298
14727,0.572
14728,0.26
14735,0.362
14746,0.358
14752,0.562
14757,0.268
14762,0.256
14763,0.192
14797,0.312
14812,0.288
14818,0.502
14825,0.272
14827,0.466
14829,0.172
14830,0.34
14837,0.5
14849,0.876
14863,0.322
14869,0.654
14882,0.398
14884,0.514
14886,0.196
14888,0.786
14890,0.588
14904,0.298
14938,0.77
14952,0.26
14958,0.266
14963,0.226
14979,0.586
14980,0.388
14986,0.342
14988,0.656
15003,0.288
15006,0.5
15009,0.966
15015,0.264
15024,0.506
15030,0.276
15036,0.356
15038,0.114
15039,0.47
15047,0.748
15049,0.468
15056,1
15068,0.502
15070,0.518
15073,0.234
15081,0.274
15084,0.42
15088,0.96
15092,0.666
15095,0.38
15097,0.37
15098,0.232
15115,0.488
15120,0.858
15126,0.152
15133,0.458
15143,0.552
15156,0.59
15164,0.342
15178,0.43
15198,0.648
15200,0.914
15208,0
15214,0.39
15218,0.486
15231,0.474
15238,0.456
15239,0.194
15240,0.328
15249,0.302
15256,0.668
15260,0.642
15290,0.724
15307,1
15308,0.318
15321,0.808
15323,0.366
15325,0.468
15342,0.862
15346,0.47
15349,0.504
15354,0.42
15362,0.43
15379,0.248
15383,0.316
15394,0.326
15401,0.506
15405,0.586
15407,0.322
15412,0.36
15413,0.54
15415,0.66
15427,0.474
15430,0.516
15436,0.334
15439,0.402
15443,0.692
15444,0.522
15445,0.964
15450,0.33
15456,0.292
15465,0.478
15466,0.452
15470,0.376
15474,0.218
15476,0.242
15482,0.294
15492,0.276
15510,0.296
15519,0.388
15523,0.186
15535,0.382
15561,0.978
15564,0.606
15566,0.454
15579,0.312
15580,0.386
15581,0.206
15587,0.502
15589,0.458
15591,0.356
15597,0.342
15620,0.444
15627,0.31
15636,0.034
15653,0.424
15662,0.982
15664,0.348
15666,0.554
15667,0.334
15674,0.582
15692,0.52
15715,0.308
15736,0.466
15744,0.49
15746,0.174
15758,0.386
15760,0.392
15766,0.446
15767,0.486
15789,0.336
15810,0.64
15818,0.48
15820,0.222
15830,0.486
15844,0.478
15850,0.316
15857,0.53
15863,0.892
15869,0.396
15872,0.37
15873,0.122
15884,0.34
15885,0.512
15891,0.202
15898,0.272
15900,0.192
15932,0.462
15940,0.454
15944,0.432
15945,0.332
15963,0.318
15970,0.174
15977,0.522
15982,0.364
15985,0.426
15995,0.208
16004,0.434
16005,0.324
16011,0.368
16019,0.754
16021,0.446
16051,0.502
16065,0.706
16066,0.392
16076,0.818
16091,0.272
16094,0.634
16101,0.344
16104,0.448
16113,0.468
16114,0.382
16115,0.496
16127,0.736
16128,0.566
16138,0.434
16139,0.934
16142,0.354
16144,0.4
16148,0.738
16151,0.514
16156,0.23
16165,0.33
16166,0.378
16179,0.946
16193,0.28
16196,0.084
16198,0.534
16210,0.458
16232,0.45
16237,0.396
16240,0.438
16252,0.712
16259,0.424
16262,0.662
16263,0.288
16270,0.818
16272,0.47
16290,0.4
16295,0.658
16297,0.626
16299,0.27
16300,0.324
16302,0.464
16303,0.44
16305,0.416
16309,0.584
16312,0.384
16320,0.866
16326,0.282
16327,0.35
16338,0.442
16342,0.506
16346,0.434
16348,0.366
16355,0.29
16356,0.454
16378,0.49
16382,0.43
16391,0.368
16392,0.354
16395,0.552
16399,0.392
16403,0.286
16408,0.302
16413,0.442
16415,0.476
16417,0.576
16420,0.302
16431,0.452
16439,0.378
16444,0.416
16446,0.012
16451,0.49
16454,0.506
16461,0.502
16462,0.334
16469,0.142
16484,0.568
16486,0.456
16487,0.324
16491,0.576
16494,0.2
16507,0.42
16508,0.306
16519,0.148
16523,0.38
16526,0.512
16530,0.516
16532,0.394
16542,0.326
16550,0.384
16555,0.544
16558,0.498
16567,0.508
16576,0.438
16579,0.41
16595,0.482
16598,0.222
16600,0.518
16604,0.792
16605,0.6
16607,0.568
16610,0.512
16612,0.878
16617,0.374
16625,0.53
16632,0.718
16634,0.314
16650,0.256
16654,0.324
16655,0.372
16656,0.442
16657,0.358
16660,0.482
16662,0.698
16669,0.696
16675,0.37
16676,0.346
16678,0.498
16679,0.406
16693,0.272
16701,0.32
16715,0.522
16722,0.298
16724,0.218
16727,0.462
16735,0.438
16741,0.742
16752,0.174
16758,0.528
16765,0.408
16771,0.32
16785,0.092
16793,0.752
16800,0.348
16805,0.14
16809,0.28
16820,0.328
16827,0.334
16830,0.486
16843,0.888
16847,0.296
16855,0.332
16860,0.144
16862,0.394
16863,0.38
16872,0.422
16874,0.53
16876,0.692
16893,0.248
16895,0.548
16914,0.672
16917,0.412
16926,0.424
16930,0.294
16931,0.414
16932,0.26
16934,0.54
16937,0.266
16941,0.346
16942,0.97
16957,0.336
16962,0.442
16967,0.326
16968,0.638
16972,0.456
16974,0.226
16984,0.248
16987,0.442
16994,0.498
16995,0.536
16999,0.328
17034,0.476
17038,0.372
17040,0.19
17050,0.348
17068,0.292
17077,0.344
17079,0.362
17082,0.458
17085,0.468
17087,0.66
17099,0.466
17105,0.292
17108,0.43
17110,0.544
17111,0.342
17123,0.574
17124,0.304
17130,0.48
17138,0.426
17143,0.48
17157,0.302
17160,0.364
17166,0.344
17167,0.414
17179,0.5
17180,0.482
17189,0.288
17197,0.536
17219,0.472
17223,0.204
17225,0.492
17229,0.428
17234,0.528
17235,0.372
17239,0.438
17242,0.342
17243,0.488
17246,0.434
17247,0.308
17255,0.582
17258,0.592
17260,0.442
17264,0.326
17270,0.258
17271,0.662
17272,0.356
17285,0.366
17294,0.306
17297,0.496
17298,0.714
17299,0.236
17306,0.378
17324,0.354
17326,0.396
17330,0.444
17345,0.462
17351,0.598
17352,0.218
17372,0.356
17381,0.308
17385,0.328
17388,0.244
17390,0.352
17392,0.316
17399,0.38
17404,0.158
17407,0.234
17408,0.778
17416,0.814
17418,0.196
17434,0.672
17438,0.266
17443,0.67
17444,0.35
17453,0.596
17460,0.286
17467,0.458
17480,0.56
17488,0.742
17490,0.438
17493,0.4
17498,0.63
17503,0.406
17513,0.312
17520,0.678
17525,0.264
17534,0.188
17545,0.458
17553,0.64
17554,0.332
17557,0.402
17563,0.374
17576,0.554
17577,0.236
17580,0.38
17582,0.366
17596,0.528
17597,0.548
17602,0.768
17614,0.206
17623,0.34
17624,0.38
17627,0.436
17628,0.286
17630,0.482
17634,0.556
17640,0.364
17652,0.522
17657,0.386
17661,0.67
17662,0.378
17666,0.208
17682,0.854
17688,0.584
17693,0.65
17705,0.464
17711,0.554
17715,0.272
17717,0.326
17721,0.346
17728,0.298
17737,0.25
17745,0.358
17755,0.43
17764,0.502
17774,0.458
17785,0.23
17786,0.316
17789,0.364
17802,0.576
17810,0.276
17819,0.452
17825,0.416
17828,0.246
17833,0.446
17841,0.398
17842,0.478
17844,0.292
17849,0.202
17855,0.564
17857,0.932
17861,0.272
17863,0.23
17868,0.172
17876,0.176
17882,0.334
17885,0.392
17893,0.518
17894,0.294
17902,0.702
17906,0.28
17911,0.764
17917,0.496
17921,0.564
17941,0.402
17945,0.308
17949,0.41
17954,0.734
17957,0.342
17958,0.57
17960,0.346
17985,0.278
18000,0.512
18002,0.712
18008,0.132
18014,0.584
18015,0.752
18019,0.626
18021,0.698
18026,0.396
18029,0.33
18034,0.5
18035,0.494
18036,0.394
18039,0.26
18066,0.31
18076,0.396
18089,0.622
18104,0.696
18110,0.19
18129,0.352
18131,0.35
18133,0.466
18136,0.506
18148,0.402
18152,0
18167,0.47
18177,0.43
18178,0.484
18183,0.326
18194,0.478
18197,0.798
18213,0.382
18214,0.268
18221,0.102
18227,0.292
18239,0.74
18245,0.348
18266,0.496
18267,0.774
18274,0.102
18283,0.456
18297,0.302
18302,0.468
18303,0.522
18315,0.384
18324,0.27
18326,0.574
18334,0.262
18336,0.366
18344,0.408
18346,0.564
18347,0.26
18350,0.302
18352,0.172
18364,0.366
18366,0.294
18373,0.414
18391,0.338
18393,0.39
18395,0.286
18400,0.848
18408,0.384
18421,0.4
18425,0.368
18443,0.226
18451,0.372
18456,0.382
18458,0.516
18460,0.42
18467,0.714
18468,0.346
18475,0.448
18485,0.388
18494,0.658
18495,0.952
18508,0.474
18530,0.572
18533,0.44
18547,0.412
18548,0.238
18553,0.52
18561,0.174
18565,0.572
18572,0.618
18593,0.694
18600,0.528
18621,0.38
18629,0.416
18637,0.208
18649,0.364
18653,0.404
18660,0.132
18671,0.514
18672,0.216
18677,0.402
18681,0.974
18684,0.982
18686,0.656
18689,0.28
18690,0.25
18709,0.384
18716,0.79
18723,0.37
18773,0.474
18782,0.592
18797,0.836
18810,0.456
18817,0.358
18820,0.61
18825,0.376
18837,0.348
18850,0.432
18857,0.684
18861,0.402
18867,0.446
18870,0.438
18877,0.592
18887,0.26
18898,0.68
18900,0.348
18914,0.206
18921,0.706
18922,0.494
18945,0.452
18947,0.622
18953,0.424
18954,0.326
18957,0.548
18960,0.6
18973,0.25
18983,0.616
18990,0.434
18991,0.25
18993,0.454
18995,0.28
18996,0.338
19003,0.222
19014,0.516
19015,0.27
19019,0.628
19028,0.532
19038,0.722
19040,0.338
19046,0.208
19051,0.392
19054,0.84
19056,0.19
19074,0.284
19085,0.61
19099,0.964
19124,0.432
19134,0.59
19141,0.114
19146,0.642
19150,0.344
19170,0.14
19176,0.334
19187,0.546
19189,0.712
19202,0.49
19208,0.388
19209,0.272
19210,0.614
19216,0.452
19217,0.5
19218,0.892
19223,0.482
19240,0.196
19246,0.36
19269,0.528
19275,0.68
19287,0.388
19298,0.292
19303,0.498
19313,0.318
19325,0.364
19326,0.324
19328,0.536
19330,0.456
19340,0.45
19342,0.424
19343,0.448
19344,0.608
19363,0.31
19364,0.364
19371,0.26
19376,0.344
19377,0.41
19381,0.446
19384,0.446
19390,0.702
19402,0.222
19405,0.42
19409,0.458
19418,0.214
19429,0.658
19446,0.494
19458,0.496
19460,0.334
19462,0.242
19465,0.316
19472,0.502
19480,0.43
19503,0.552
19507,0.588
19517,0.366
19533,0.462
19537,0.578
19541,0.374
19563,0.502
19566,0.8
19568,0.496
19576,0.36
19591,0.348
19597,0.556
19619,0.338
19622,0.79
19623,0.592
19624,0.45
19627,0.412
19629,0.428
19633,0.352
19639,0.3
19641,0.32
19643,0.226
19649,0.374
19652,0.584
19657,0.192
19660,0.46
19668,0.87
19678,0.628
19686,0.428
19690,0.336
19694,0.744
19695,0.186
19702,0.634
19712,0.608
19720,0.538
19735,0.498
19739,0.29
19740,0.448
19743,0.306
19750,0.412
19752,0.392
19754,0.184
19762,0.83
19770,0.422
19775,0.486
19777,0.58
19782,0.258
19783,0.616
19786,0.392
19805,0.398
19808,0.434
19819,0.324
19821,0.436
19827,0.37
19830,0.508
19832,0.234
19833,0.308
19834,0.312
19843,0.48
19844,0.388
19846,0.518
19847,0.43
19850,0.396
19851,0.572
19861,0.842
19873,0.656
19878,0.366
19886,0.332
19892,0.328
19901,0.35
19902,0.648
19920,0.468
19921,0.26
19922,0.482
19929,0.774
19932,0.492
19935,0.442
19936,0.236
19946,0.606
19950,0.466
19952,0.448
19955,0.594
19976,0.42
19983,0.202
19987,0.182
19991,0.98
19996,0.384
20007,0.672
20015,0.346
20019,0.316
20023,0.474
20034,0.562
20036,0.75
20038,0.272
20039,0.338
20040,0.248
20045,0.754
20046,0.502
20048,0.508
20060,0.556
20068,0.344
20074,0.804
20111,0.47
20117,0.296
20125,0.602
20129,0.324
20134,0.17
20135,0.132
20139,0.256
20142,0.552
20147,0.31
20154,0.68
20157,0.39
20169,0.114
20179,0.552
20202,0.632
20207,0.442
20215,0.288
20216,0.83
20217,0.638
20218,0.522
20219,0.494
20226,0.262
20236,0.24
20239,0.4
20246,0.142
20247,0.68
20253,0.37
20255,0.11
20268,0.43
20270,0.6
20271,0.278
20279,0.456
20282,0.45
20295,0.558
20302,0.27
20305,0.626
20306,0.64
20308,0.512
20330,0.212
20335,0.752
20344,0.348
20349,0.724
20360,0.488
20362,0.468
20378,0.32
20394,0.234
20397,0.842
20403,0.25
20405,0.49
20415,0.544
20417,0.308
20420,0.404
20425,0.7
20430,0.55
20435,0.216
20443,0.436
20446,0.634
20458,0.398
20459,0.502
20467,0.398
20470,0.532
20482,0.59
20489,0.484
20495,0.162
20496,0.42
20497,0.616
20505,0.5
20509,0.846
20535,0.334
20539,0.572
20544,0.428
20547,0.448
20556,0.22
20557,0.694
20575,0.31
20577,0.464
20596,0.394
20597,0.372
20602,0.374
20603,0.496
20609,0.69
20618,0.13
20621,0.294
20628,0.144
20634,0.6
20637,0.296
20641,0.174
20642,0.62
20647,0.472
20655,0.308
20656,0.496
20661,0.498
20664,0.516
20674,0.4
20679,0.46
20680,0.618
20683,0.95
20687,0.574
20688,0.886
20695,0.174
20696,0.348
20699,0.33
20701,0.438
20702,0.324
20704,0.454
20721,0.532
20725,0.322
20731,0.398
20741,0.368
20742,0.348
20753,0.638
20756,0.35
20769,0.428
20771,0.328
20774,0.598
20777,0.714
20781,0.434
20797,0.282
20808,0.232
20810,0.172
20820,0.14
20823,0.952
20829,0.858
20832,0.434
20833,0.5
20837,0.304
20838,0.382
20839,0.474
20847,0.352
20861,0.278
20869,0.81
20875,0.206
20877,0.688
20889,0.416
20894,0.672
20901,0.254
20919,0.416
20923,0.372
20935,0.402
20937,0.248
20939,0.686
20940,0.572
20943,0.17
20946,0.322
20950,0.478
20961,0.742
20965,0.444
20967,0.728
20969,0.372
20970,0.516
20975,0.42
20987,0.28
20995,0.426
20998,0.568
21002,0.18
21012,0.922
21013,0.604
21015,0.362
21017,0.62
21020,0.454
21028,0.43
21031,0.278
21036,0.466
21040,0.45
21048,0.52
21049,0.326
21051,0.296
21070,0.18
21072,0.808
21079,0.372
21090,0.318
21093,0.668
21104,0.29
21114,0.372
21117,0.442
21120,0.218
21121,0.456
21132,0.258
21136,0.388
21139,0.476
21140,0.546
21146,0.404
21150,0.38
21178,0.796
21180,0.678
21198,0.382
21203,0.42
21210,0.524
21218,0.486
21220,0.39
21222,0.062
21228,0.724
21236,0.332
21239,0.228
21260,0.406
21267,0.438
21271,0.336
21279,0.538
21286,0.582
21288,0.574
21294,0.274
21298,0.292
21299,0.466
21300,0.256
21304,0.37
21307,0.28
21309,0.2
21311,0.646
21331,0.51
21332,0.78
21342,0.6
21345,0.534
21348,0.702
21353,0.548
21357,0.318
21369,0.376
21370,0.728
21371,0.444
21373,0.208
21385,0.366
21392,0.504
21401,0.532
21403,0.224
21406,0.624
21413,0.586
21414,0.73
21416,0.85
21423,0.396
21442,0.516
21443,0.43
21448,0.35
21459,0.374
21467,0.406
21474,0.448
21484,0.626
21488,0.454
21495,0.632
21498,0.42
21502,0.406
21503,0.418
21510,0.328
21516,0.628
21533,0.586
21535,0.648
21539,0.596
21541,0.518
21544,0.526
21554,0.414
21569,0.138
21572,0.494
21578,0.286
21580,0.25
21584,0.19
21589,0.814
21595,0.4
21598,0.38
21599,0.432
21606,0.38
21623,0.544
21639,0.56
21641,0.328
21645,0.098
21647,0.502
21648,0.462
21657,0.556
21671,0.402
21673,0.254
21678,0.492
21696,0.37
21699,0.27
21700,0.356
21703,0.588
21710,0.572
21721,0.302
21727,0.33
21728,0.356
21731,0.322
21741,0.704
21744,0.364
21748,0.462
21753,0.294
21756,0.476
21763,0.444
21767,0.28
21772,0.698
21774,0.234
21775,0.454
21780,0.634
21787,0.478
21805,0.104
21828,0.702
21831,0.432
21837,0.228
21842,0.526
21849,0.588
21856,0.606
21858,0.616
21862,0.302
21864,0.348
21867,0.334
21879,0.502
21881,0.418
21883,0.284
21891,0.464
21892,0.222
21902,0.276
21909,0.324
21914,0.412
21918,0.308
21919,0.496
21926,0.446
21930,0.292
21934,0.366
21940,0.244
21945,0.456
21948,0.58
21953,0.53
21954,0.462
21956,0.334
21963,0.574
21970,0.43
21984,0.426
21997,0.306
21999,0.43
22001,0.48
22002,0.448
22010,0.23
22013,0.336
22022,0.464
22024,0.28
22028,0.328
22029,0.488
22045,0.404
22049,0.318
22064,0.36
22069,0.698
22074,0.45
22082,0.148
22084,0.408
22090,0.714
22096,0.54
22100,0.344
22105,0.262
22119,0.638
22130,0.47
22152,0.564
22155,0.338
22164,0.174
22173,0.434
22194,0.256
22209,0.374
22217,0.448
22220,0.54
22222,0.374
22244,0.318
22245,0.464
22250,0.618
22256,0.574
22261,0.746
22264,0.38
22270,0.184
22279,0.478
22280,0.528
22284,0.292
22288,0.28
22293,0.622
22297,0.964
22307,0.576
22310,0.152
22319,0.41
22324,0.12
22326,0.376
22327,0.434
22329,0.406
22331,0.44
22340,0.766
22342,0.354
22347,0.35
22351,0.57
22357,0.58
22361,0.496
22371,0.32
22373,0.592
22391,0.41
22404,0.756
22409,0.812
22411,0.266
22428,0.652
22436,0.482
22444,0.446
22445,0.404
22451,0.532
22463,0.502
22464,0.592
22467,0.77
22472,0.53
22485,0.376
22497,0.594
22504,0.61
22508,0.436
22516,0.336
22522,0.346
22527,0.398
22543,0.424
22549,0.21
22551,0.492
22557,0.478
22562,0.264
22567,0.234
22572,0.338
22575,0.338
22578,0.598
22579,0.44
22580,0.298
22581,0.346
22591,0.584
22593,0.55
22597,0.2
22600,0.632
22602,0.46
22603,0.346
22616,0.474
22617,0.224
22622,0.074
22623,0.456
22624,0.464
22628,0.218
22640,0.308
22641,0.57
22653,0.336
22660,0.176
22672,0.414
22674,0.344
22689,0.458
22698,0.282
22705,0.312
22709,0.674
22711,0.292
22714,0.448
22715,0.244
22729,0.536
22730,0.576
22733,0.448
22750,0.332
22754,0.376
22756,0.374
22758,0.394
22767,0.308
22768,0.282
22769,0.44
22776,0.384
22778,0.404
22780,0.822
22789,0.362
22797,0.656
22799,0.54
22814,0.166
22818,0.564
22821,0.378
22823,0.486
22841,0.258
22847,0.406
22848,0.522
22862,0.276
22875,0.702
22877,0.52
22887,0.57
22892,0.124
22899,0.182
22901,0.288
22907,0.648
22909,0.448
22926,0.382
22927,0.312
22930,0.356
22934,0.594
22937,0.556
22939,0.742
22949,0.346
22951,0.936
22955,0.254
22965,1
22966,0.874
22968,0.732
22972,0.6
22975,0.75
22981,0.398
22988,0.244
22994,0.204
22996,0.868
23011,0.688
23028,0.39
23031,0.442
23035,0.136
23038,0.56
23042,0.662
23049,0.47
23051,0.99
23053,0.306
23057,0.734
23058,0.688
23063,0.392
23064,0.554
23067,0.718
23071,0.522
23075,0.364
23077,0.792
23090,0.28
23094,0.782
23097,0.362
23103,0.226
23107,0.736
23117,0.286
23122,0.33
23124,0.17
23126,0.984
23129,0.706
23136,0.916
23141,0.268
23142,0.902
23147,0.328
23154,0.52
23159,0.508
23165,0.816
23171,0.876
23173,0.036
23175,0.31
23179,1
23182,0.588
23185,0.464
23188,0.476
23189,0.322
23209,0.44
23214,0.984
23215,0.56
23233,0.478
23241,0.764
23252,0.416
23255,0.65
23263,0.54
23281,0.666
23282,0.466
23289,0.516
23292,0.458
23296,0.376
23297,0.298
23301,0.362
23302,0.122
23304,0.3
23309,0.438
23312,0.406
23316,0.372
23321,0.662
23342,0.364
23344,0.54
23350,0.462
23367,0.084
23368,0.37
23374,0.402
23387,0.376
23389,0.718
23399,0.406
23403,0.334
23406,0.994
23414,0.614
23415,0.262
23419,0.552
23436,0.318
23439,0.96
23444,0.55
23445,0.18
23455,0.388
23469,0.144
23472,0.154
23477,0.528
23478,0.388
23479,0.252
23487,0.366
23490,0.25
23491,0.44
23492,0.608
23494,0.546
23496,0.596
23497,0.398
23506,0.38
23515,0.356
23528,0.32
23532,0.508
23549,0.346
23551,0.32
23552,0.262
23555,0.61
23556,0.424
23564,0.52
23583,0.51
23592,0.486
23597,0.982
23601,0.332
23605,0.728
23615,0.504
23619,0.466
23621,0.974
23626,0.584
23635,0.814
23637,0.348
23640,0.23
23646,0.244
23655,0.522
23672,0.458
23673,0.384
23682,0.354
23683,0.86
23699,0.32
23704,0.936
23707,1
23713,0.554
23714,0.526
23716,0.862
23718,0.836
23721,0.268
23735,0.472
23737,0.516
23744,0.566
23749,0.944
23755,0.686
23769,0.292
23772,0.804
23773,0.086
23774,0.856
23779,0.264
23782,0.706
23793,0.392
23803,0.9
23828,0.878
23833,0.832
23834,0.388
23844,0.392
23845,0.772
23852,0.44
23855,0.904
23867,0.46
23872,0.49
23874,0.234
23880,0.126
23886,0.474
23898,0.276
23900,0.376
23903,0.29
23907,0.542
23908,0.596
23912,0.13
23916,0.36
23917,0.77
23918,0.38
23922,0.46
23928,0.462
23940,0.85
23944,0.294
23945,0.474
23951,0.148
23966,0.228
23970,0.364
23971,0.338
23976,0.72
23980,0.3
23987,0.996
23988,0.294
23993,0.396
23997,0.336
23998,0.444
23999,0.994
24010,0.7
24015,0.71
24023,0.37
24033,0.39
24046,0.848
24060,0.468
24062,0.712
24065,0.662
24070,0.484
24071,0.348
24073,0.474
24079,0.492
24082,1
24084,0.23
24089,0.532
24094,0.584
24100,0.264
24105,0.202
24106,0.234
24108,0.472
24111,0.986
24120,0.518
24125,0.132
24134,0.852
24140,0.15
24151,0.554
24153,0.42
24154,0.428
24161,0.356
24166,0.356
24170,0.984
24176,0.324
24182,0.884
24188,0.546
24190,0.258
24201,0.906
24211,0.362
24215,0.492
24216,0.966
24219,0.552
24222,0.558
24240,0.996
24243,0.52
24245,0.54
24251,0.244
24256,0.994
24258,0.272
24261,0.566
24263,0.388
24264,0.39
24266,0.428
24273,0.34
24278,0.46
24289,0.95
24292,0.422
24293,0.238
24298,0.952
24299,0.312
24303,0.718
24304,0.264
24305,0.29
24329,0.606
24341,0.362
24345,0.746
24353,0.54
24358,0.998
24364,0.588
24367,0.336
24370,0.36
24377,0.512
24380,0.248
24381,0.336
24387,0.228
24391,0.252
24409,0.998
24413,0.388
24416,0.5
24427,0.68
24439,0.168
24443,0.436
24448,0.294
24454,0.966
24455,0.342
24461,0.368
24464,0.51
24468,0.422
24469,0.428
24501,0.274
24508,0.35
24519,0.374
24520,1
24538,0.194
24540,0.278
24550,0.528
24552,0.3
24561,0.366
24577,0.402
24579,0.318
24580,0.456
24582,0.37
24591,0.344
24592,0.61
24599,0.574
24602,0.376
24606,0.272
24617,0.5
24619,0.61
24630,0.272
24633,0.834
24634,0.562
24638,0.186
24641,0.518
24644,0.604
24645,0.912
24656,0.388
24661,0.51
24663,0.674
24667,0.264
24669,0.104
24682,0.386
24698,0.366
24699,0.91
24702,0.45
24703,0.526
24717,0.458
24724,0.914
24731,0.524
24737,0.236
24740,0.488
24743,0.23
24744,0.998
24755,0.526
24757,0.332
24765,0.77
24766,0.438
24776,0.688
24787,0.998
24789,0.476
24791,0.266
24792,0.3
24804,0.03
24812,0.546
24816,0.756
24817,0.326
24820,0.294
24828,0.648
24832,0.468
24836,0.71
24842,0.272
24846,0.31
24847,0.316
24848,0.87
24851,0.278
24855,0.358
24856,0.494
24871,0.852
24874,0.484
24877,0.42
24889,0.534
24897,0.436
24899,0.634
24908,0.43
24913,0.24
24923,0.45
24933,0.454
24971,0.344
24973,0.88
24993,0.728
24998,0.828
25000,0.984
25001,0.972
25002,0.514
25003,0.922
25009,0.492
25024,0.192
25026,0.558
25027,0.94
25034,0.306
25050,0.574
25057,0.424
25067,0.274
25075,0.518
25081,0.232
25085,0.434
25093,0.432
25097,0.366
25103,0.408
25104,0.74
25109,0.554
25112,0.382
25113,0.472
25114,0.542
25119,0.532
25121,0.586
25122,0.676
25124,0.386
25131,0.304
25134,0.25
25144,0.422
25147,0.414
25148,0.19
25149,0.658
25155,0.892
25169,0.518
25177,0.272
25178,0.512
25179,0.582
25180,0.42
25191,0.922
25199,0.61
25232,0.64
25241,0.586
25242,0.62
25243,0.578
25246,0.68
25259,0.754
25265,0.888
25278,0.804
25280,0.348
25284,0.534
25286,0.768
25288,0.788
25318,0.914
25330,0.936
25333,0.258
25339,0.144
25340,0.282
25346,0.41
25349,0.43
25351,0.446
25361,0.736
25366,0.634
25368,0.998
25369,0.422
25370,0.482
25375,0.056
25376,0.976
25377,0.406
25379,0.306
25382,0.794
25386,0.65
25389,0.894
25399,0.556
25400,0.954
25401,0.294
25407,0.346
25409,0.37
25412,0.414
25416,0.306
25418,0.372
25423,0.208
25436,0.348
25439,0.234
25442,0.248
25445,0.99
25446,0.25
25453,0.362
25456,0.582
25458,0.374
25460,0.362
25461,0.284
25468,0.32
25470,0.382
25471,0.482
25482,0.576
25501,0.992
25504,0.914
25515,0.248
25518,0.55
25528,0.394
25533,0.142
25543,0.342
25548,0.16
25564,0.464
25572,0.354
25576,0.236
25577,0.538
25587,0.504
25591,0.532
25596,0.582
25598,0.434
25617,0.192
25618,1
25620,0.394
25623,0.528
25626,0.512
25628,0.47
25633,0.592
25637,0.37
25644,0.51
25662,0.402
25663,0.592
25673,0.328
25678,0.34
25685,0.24
25691,0.454
25706,0.394
25707,0.456
25723,0.43
25725,0.254
25735,0.516
25740,0.448
25759,0.198
25761,0.354
25769,0.102
25774,0.588
25779,0.334
25781,0.5
25784,0.9
25790,0.858
25796,0.438
25816,0.482
25847,0.564
25850,0.384
25852,0.298
25856,0.296
25866,0.402
25867,0.34
25868,0.602
25869,0.626
25877,0.732
25878,0.558
25890,0.922
25898,0.998
25899,0.446
25906,0.978
25907,0.476
25915,0.824
25932,0.894
25939,0.314
25946,0.634
25951,0.826
25959,0.724
25961,0.372
25964,0.096
25969,0.412
25980,0.272
25986,0.456
25992,0.394
25998,0.206
26000,0.252
26006,0.4
26009,0.392
26016,0.32
26023,0.996
26038,0.564
26041,0.57
26050,0.588
26051,0.964
26057,0.456
26060,0.12
26062,0.524
26067,1
26068,0.802
26072,0.516
26074,0.414
26075,0.316
26081,0.492
26108,0.582
26112,0.992
26113,0.28
26115,0.542
26122,0.406
26139,0.294
26162,0.554
26165,0.714
26173,0.354
26177,0.474
26179,0.432
26184,0.112
26190,0.454
26204,0.466
26205,0
26212,0.64
26215,0.422
26227,0.596
26232,0.396
26237,0.85
26246,0.376
26248,0.46
26249,0.496
26260,0.632
26263,0.426
26267,0.982
26269,0.492
26271,0.78
26273,0.3
26286,0.366
26297,0.308
26309,0.446
26313,0.33
26319,0.428
26329,0.434
26330,0.776
26333,0.464
26361,0.824
26366,0.718
26376,0.944
26378,0.744
26382,0.394
26389,0.35
26391,0.48
26401,0.424
26415,0.436
26419,0.512
26421,0.962
26422,0.328
26423,0.204
26424,0.206
26441,0.648
26442,0.47
26446,0.554
26447,0.388
26448,0.566
26451,0.61
26459,0.47
26465,0.206
26476,0.28
26481,0.532
26487,0.76
26501,0.566
26513,0.602
26517,0.686
26527,0.72
26534,0.808
26535,0.986
26545,0.254
26550,0.586
26558,0.592
26571,0.614
26573,0.828
26575,0.408
26578,0.614
26583,0.69
26590,0.47
26593,0.434
26602,0.484
26606,0.558
26613,0.672
26615,0.434
26618,0.268
26628,0.876
26630,0.654
26635,0.326
26645,0.314
26648,0.398
26651,0.576
26660,0.472
26663,0.464
26664,0.208
26665,0.352
26673,0.38
26675,0.486
26676,0.318
26677,0.316
26679,0.346
26687,0.588
26689,0.688
26697,0.586
26737,0.66
26747,0.674
26748,0.494
26749,0.368
26754,0.988
26759,0.268
26760,0.35
26765,0.618
26769,0.336
26771,0.366
26776,0.57
26778,0.51
26780,0.544
26783,0.162
26785,0.498
26800,0.244
26804,0.602
26812,0.318
26816,0.12
26823,0.662
26834,0.33
26836,0.562
26841,0.26
26845,0.412
26849,0.36
26854,0.49
26858,0.528
26860,0.316
26866,0.324
26871,0.256
26873,0.546
26905,0.46
26907,0.578
26920,0.464
26924,0.278
26930,0.206
26942,0.4
26944,0.314
26949,0.5
26952,0.996
26956,0.334
26973,0.338
26977,0.492
26993,0.426
26997,0.654
26999,0.518
27021,0.344
27023,0.322
27025,0.01
27027,0.434
27032,0.93
27034,0.532
27036,0.318
27045,0.598
27050,0.392
27051,0.368
27055,0.44
27056,0.688
27060,0.546
27061,0.644
27066,0.506
27070,0.326
27073,0.282
27077,0.438
27085,0.462
27086,0.384
27099,0.772
27105,0.582
27109,0.486
27125,0.536
27135,0.41
27139,0.286
27140,0.96
27141,0.65
27142,0.56
27144,0.418
27148,0.39
27154,0.422
27162,0.598
27175,0.628
27176,0.402
27178,0.53
27197,0.646
27204,0.438
27205,0.488
27206,0.156
27207,0.22
27216,0.438
27230,0.304
27234,0.534
27241,0.36
27249,0.922
27251,0.364
27252,0.614
27256,0.674
27257,0.576
27263,0.422
27268,0.626
27269,0.23
27276,0.27
27279,0.526
27288,0.694
27295,0.346
27299,0.492
27302,0.636
27304,0.41
27316,0.44
27318,0.376
27330,0.522
27333,0.432
27335,0.65
27339,0.292
27341,0.356
27342,0.434
27345,0.422
27347,0.396
27354,0.552
27361,0.432
27375,0.902
27387,0.236
27390,0.58
27392,0.976
27399,0.592
27403,0.624
27410,0.584
27423,0.498
27429,0.304
27432,0.434
27436,0.6
27437,0.364
27441,0.36
27444,0.516
27445,0.354
27448,0.4
27454,0.454
27459,0.49
27465,0.298
27478,0.722
27479,0.422
27481,0.594
27483,0.386
27486,0.254
27498,0.246
27505,0.422
27507,0.238
27509,0.356
27514,0.326
27527,0.758
27535,0.544
27544,0.524
27545,0.478
27556,0.66
27563,0.4
27569,0.494
27585,0.408
27589,0.294
27605,0.228
27608,0.724
27609,0.294
27611,0.644
27621,0.356
27626,0.406
27629,0.328
27645,0.464
27651,0.278
27654,0.512
27656,0.642
27663,0.416
27673,0.432
27677,0.576
27678,0.526
27680,0.396
27681,0.646
27684,0.306
27688,0.406
27706,0.18
27709,0.518
27720,0.394
27722,0.524
27733,0.396
27734,0.556
27739,0.492
27746,0.726
27751,0.888
27755,0.298
27777,0.334
27783,0.264
27795,0.326
27805,0.684
27811,0.49
27815,0.2
27823,0.268
27856,0.39
27873,0.46
27883,0.366
27885,0.304
27887,0.45
27899,0.622
27921,0.406
27924,0.33
27927,0.462
27929,0.252
27932,0.452
27943,0.69
27945,0.856
27952,0.49
27957,0.51
27960,0.348
27966,0.362
27968,0.75
27980,0.544
27984,0.57
27994,0.436
27995,0.192
28002,0.312
28004,0.638
28006,0.528
28028,0.424
28042,0.586
28043,0.574
28055,0.584
28061,0.648
28063,0.458
28077,0.568
28090,0.42
28093,0.178
28095,0.354
28096,0.312
28098,0.986
28099,0.66
28111,0.22
28115,0.546
28123,0.342
28125,0.61
28126,0.832
28129,0.9
28131,0.326
28139,0.366
28146,0.636
28153,0.334
28155,0.292
28160,0.378
28166,0.36
28167,0.42
28176,0.514
28185,0.372
28187,0.382
28195,0.758
28203,0.274
28206,0.582
28209,0.484
28210,0.356
28211,0.69
28216,0.542
28234,0.48
28235,0.72
28248,0.444
28255,0.486
28266,0.45
28277,0.25
28286,0.612
28288,0.226
28289,0.384
28290,0.45
28296,0.392
28300,0.56
28306,0.364
28307,0.32
28309,0.388
28327,0.436
28336,0.344
28345,0.408
28355,0.414
28361,0.322
28362,0.386
28374,0.44
28380,0.274
28381,0.422
28393,0.344
28394,0.502
28405,0.512
28413,0.334
28426,0.416
28428,0.504
28429,0.346
28442,0.304
28445,0.354
28457,0.776
28459,0.596
28462,0.644
28478,0.402
28490,0.422
28492,0.506
28499,0.356
28500,0.476
28506,0.154
28509,0.458
28513,0.458
28516,0.42
28519,0.938
28526,0.26
28527,0.342
28528,0.378
28533,0.354
28547,0.446
28551,0.474
28563,0.616
28566,0.598
28568,0.346
28580,0.642
28589,0.444
28590,0.882
28606,0.65
28613,0.352
28615,0.28
28619,0.818
28629,0.252
28633,0.41
28635,0.344
28646,0.61
28648,0.424
28651,0.386
28660,0.46
28681,0.866
28693,0.358
28696,0.412
28703,0.48
28709,0.408
28712,0.318
28718,0.246
28719,0.568
28727,0.534
28730,0.502
28732,0.754
28740,0.4
28747,0.344
28752,0.558
28757,0.366
28764,0.61
28765,0.216
28770,0.23
28772,0.544
28783,0.596
28786,0.59
28796,0.346
28799,0.644
28806,0.47
28807,0.304
28815,0.434
28818,0.452
28823,0.456
28824,0.436
28831,0.858
28834,0.438
28841,0.456
28848,0.652
28882,0.29
28884,0.376
28904,0.554
28907,0.49
28919,0.656
28920,0.298
28928,0.332
28935,0.106
28936,0.416
28945,0.484
28950,0.928
28957,0.84
28963,0.17
28974,0.596
28980,0.44
28988,0.3
28999,0.588
29001,0.362
29004,0.112
29006,0.486
29012,0.452
29018,0.842
29027,0.226
29030,0.154
29032,0.502
29039,0.374
29043,0.414
29056,0.55
29064,0.618
29068,0.192
29069,0.314
29074,0.476
29076,0.492
29085,0.364
29088,0.278
29091,0.37
29092,0.664
29093,0.21
29094,0.332
29108,0.316
29114,0.576
29115,0.492
29118,0.362
29125,0.448
29127,0.842
29150,0.144
29152,0.248
29155,0.572
29165,0.448
29167,0.482
29174,0.458
29180,0.368
29185,0.606
29190,0.508
29192,0.998
29194,0.326
29220,0.326
29231,0.282
29237,0.49
29240,0.462
29247,0.47
29256,0.518
29275,0.584
29278,0.342
29280,0.334
29286,0.474
29288,0.508
29305,0.658
29327,0.534
29329,0.3
29333,0.452
29335,0.306
29342,0.802
29344,0.498
29353,0.384
29358,0.352
29373,0.15
29392,0.166
29393,0.476
29395,0.886
29403,0.468
29405,0.534
29410,0.528
29423,0.28
29427,0.732
29429,0.39
29432,0.466
29440,0.744
29447,0.376
29448,0.356
29452,0.514
29455,0.574
29461,0.46
29466,0.428
29474,0.464
29476,0.476
29486,0.42
29494,0.374
29497,0.37
29505,0.396
29511,0.732
29516,0.686
29522,0.588
29523,0.452
29524,0.61
29529,0.38
29533,0.43
29535,0.464
29548,0.224
29551,0.358
29563,0.38
29574,0.304
29575,0.57
29592,0.44
29599,0.69
29608,0.466
29613,0.472
29620,0.498
29630,0.626
29637,0.224
29638,0.192
29643,0.428
29648,0.362
29657,0.23
29659,0.272
29662,0.41
29665,0.432
29699,0.514
29706,0.606
29715,0.612
29716,0.488
29717,0.594
29721,0.58
29731,0.592
29735,0.318
29739,0.198
29742,0.56
29747,0.676
29749,0.532
29754,0.852
29773,0.57
29777,0.292
29779,0.286
29783,0.322
29786,0.496
29805,0.586
29811,0.34
29812,0.324
29815,0.388
29819,0.608
29833,0.44
29847,0.628
29854,0.404
29856,0.43
29859,0.434
29864,0.524
29865,0.322
29867,0.308
29885,0.362
29894,0.274
29900,0.484
29910,0.556
29928,0.474
29942,0.508
29951,0.296
29953,0.466
29962,0.4
29968,0.472
29974,0.5
29980,0.73
29987,0.294
29993,0.38
30001,0.37
30005,0.606
30015,0.506
30034,0.124
30041,0.246
30044,0.48
30058,0.3
30061,0.614
30064,0.91
30065,0.442
30069,0.514
30074,0.312
30076,0.39
30080,0.212
30086,0.594
30087,0.524
30092,0.516
30093,0.756
30096,0.478
30097,0.8
30098,0.39
30102,0.68
30106,0.41
30110,0.224
30111,0.916
30122,0.318
30128,0.362
30130,0.618
30131,0.256
30132,0.438
30135,0.434
30137,0.62
30157,0.606
30158,0.438
30162,0.324
30170,0.67
30174,0.448
30195,0.254
30196,0.488
30204,0.382
30207,0.846
30209,0.714
30212,0.54
30221,0.454
30225,0.816
30229,0.512
30231,0.694
30233,0.43
30237,0.47
30239,0.688
30242,0.55
30244,0.234
30249,0.308
30262,0.374
30286,0.504
30292,0.514
30303,0.19
30320,0.472
30322,0.414
30355,0.342
30356,0.38
30372,0.462
30375,0.284
30379,0.454
30384,0.522
30386,0.626
30394,0.534
30395,0.388
30396,0.274
30397,0.218
30402,0.468
30413,0.37
30416,0.31
30420,0.56
30422,0.43
30432,0.232
30434,0.536
30438,0.352
30444,0.3
30446,0.45
30455,0.352
30457,0.346
30459,0.558
30463,0.576
30468,0.526
30477,0.41
30478,0.288
30481,0.354
30482,0.334
30487,0.39
30491,0.378
30496,0.784
30501,0.318
30506,0.346
30511,0.31
30513,0.35
30516,0.27
30520,0.41
30531,0.242
30542,0.936
30555,0.436
30557,0.25
30568,0.536
30570,0.76
30584,0.32
30594,0.754
30614,0.222
30617,0.292
30618,0.59
30631,0.44
30632,0.492
30634,0.4
30636,0.696
30637,0.524
30639,0.3
30647,0.576
30649,0.366
30656,0.654
30660,0.496
30665,0.288
30669,0.39
30681,0.42
30683,0.456
30687,0.642
30694,0.756
